<?xml version="1.0" encoding="UTF-8" standalone="yes"?>
<addon id="resource.videos.ratings.mpaa.color" name="MPAA Color" version="0.0.1" provider-name="Lunatixz">
	<extension point="kodi.resource.images" compile="false" type="ratings" />
	<requires>
		<import addon="kodi.resource" version="1.0.0"/>
	</requires>
	<extension point="xbmc.addon.metadata">
		<summary lang="en">Color MPAA Rating Videos - Special Thanks to CinemaVision</summary>
		<description lang="en">Color MPAA Rating Videos - Special Thanks to CinemaVision</description>
		<platform>all</platform>
        <assets>
            <icon>icon.png</icon>
        </assets>
	</extension>
</addon>
