<?xml version="1.0" encoding="UTF-8" standalone="yes"?>
<addon id="resource.images.overlays.crttv" name="CRT TV Overlays w/ Day and Night" version="0.0.1" provider-name="Lunatixz">
	<extension point="kodi.resource.images" compile="false" type="overlays" />
	<requires>
		<import addon="kodi.resource" version="1.0.0"/>
	</requires>
	<extension point="xbmc.addon.metadata">
		<summary lang="en">Special Thanks to Libretro and exodus123456</summary>
		<description lang="en"></description>
		<platform>all</platform>
        <website>https://forums.libretro.com/t/exodus-crt-tvs-overlays-collection-with-day-and-night-support/9192</website>
        <assets>
            <icon>icon.png</icon>
        </assets>
	</extension>
</addon>
