<?xml version="1.0" encoding="UTF-8" standalone="yes"?>
<addon id="resource.images.pseudotv.logos" name="PseudoTV Live Logos" version="0.0.2" provider-name="Lunatixz">
	<extension point="kodi.resource.images" compile="false" type="logos" />
	<requires>
		<import addon="kodi.resource" version="1.0.0"/>
	</requires>
	<extension point="xbmc.addon.metadata">
		<description lang="en"></description>
		<platform>all</platform>
        <assets>
            <icon>icon.png</icon>
        </assets>
	</extension>
</addon>
